{
  "active_bots": {},
  "trade_history": [],
  "session_pnl": {
    "gross_profit_cents": 0,
    "gross_loss_cents": 0,
    "completed_bots": 0,
    "stopped_bots": 0,
    "session_start": 1773275644.845867,
    "day_key": "2026-03-11"
  },
  "opening_lines": {
    "KXNBAGAME-26MAR11CHASAC-SAC": {
      "yes_price": 12,
      "captured_at": 1773275654.318076
    },
    "KXNBAGAME-26MAR11CHASAC-CHA": {
      "yes_price": 87,
      "captured_at": 1773275654.318089
    },
    "KXNBAGAME-26MAR11CLEORL-ORL": {
      "yes_price": 45,
      "captured_at": 1773275654.318094
    },
    "KXNBAGAME-26MAR11CLEORL-CLE": {
      "yes_price": 54,
      "captured_at": 1773275654.318096
    },
    "KXNBAGAME-26MAR11HOUDEN-HOU": {
      "yes_price": 29,
      "captured_at": 1773275654.318099
    },
    "KXNBAGAME-26MAR11HOUDEN-DEN": {
      "yes_price": 70,
      "captured_at": 1773275654.3181021
    },
    "KXNBAGAME-26MAR11MINLAC-MIN": {
      "yes_price": 48,
      "captured_at": 1773275654.318105
    },
    "KXNBAGAME-26MAR11MINLAC-LAC": {
      "yes_price": 52,
      "captured_at": 1773275654.318107
    },
    "KXNBAGAME-26MAR11NYKUTA-UTA": {
      "yes_price": 11,
      "captured_at": 1773275654.31811
    },
    "KXNBAGAME-26MAR11NYKUTA-NYK": {
      "yes_price": 88,
      "captured_at": 1773275654.318112
    },
    "KXNBAGAME-26MAR11TORNOP-TOR": {
      "yes_price": 53,
      "captured_at": 1773275654.318114
    },
    "KXNBAGAME-26MAR11TORNOP-NOP": {
      "yes_price": 46,
      "captured_at": 1773275654.3181179
    },
    "KXNBAGAME-26MAR12BKNATL-BKN": {
      "yes_price": 12,
      "captured_at": 1773275654.31812
    },
    "KXNBAGAME-26MAR12BKNATL-ATL": {
      "yes_price": 87,
      "captured_at": 1773275654.318122
    },
    "KXNBAGAME-26MAR12BOSOKC-OKC": {
      "yes_price": 69,
      "captured_at": 1773275654.318124
    },
    "KXNBAGAME-26MAR12BOSOKC-BOS": {
      "yes_price": 30,
      "captured_at": 1773275654.3181272
    },
    "KXNBAGAME-26MAR12CHILAL-LAL": {
      "yes_price": 83,
      "captured_at": 1773275654.3181288
    },
    "KXNBAGAME-26MAR12CHILAL-CHI": {
      "yes_price": 15,
      "captured_at": 1773275654.318131
    },
    "KXNBAGAME-26MAR12DALMEM-MEM": {
      "yes_price": 39,
      "captured_at": 1773275654.3181329
    },
    "KXNBAGAME-26MAR12DALMEM-DAL": {
      "yes_price": 61,
      "captured_at": 1773275654.318135
    },
    "KXNBAGAME-26MAR12DENSAS-SAS": {
      "yes_price": 66,
      "captured_at": 1773275654.3181381
    },
    "KXNBAGAME-26MAR12DENSAS-DEN": {
      "yes_price": 32,
      "captured_at": 1773275654.3181398
    },
    "KXNBAGAME-26MAR12MILMIA-MIL": {
      "yes_price": 28,
      "captured_at": 1773275654.318144
    },
    "KXNBAGAME-26MAR12MILMIA-MIA": {
      "yes_price": 72,
      "captured_at": 1773275654.318146
    },
    "KXNBAGAME-26MAR12PHIDET-PHI": {
      "yes_price": 13,
      "captured_at": 1773275654.3181481
    },
    "KXNBAGAME-26MAR12PHIDET-DET": {
      "yes_price": 86,
      "captured_at": 1773275654.318151
    },
    "KXNBAGAME-26MAR12PHXIND-PHX": {
      "yes_price": 78,
      "captured_at": 1773275654.318153
    },
    "KXNBAGAME-26MAR12PHXIND-IND": {
      "yes_price": 21,
      "captured_at": 1773275654.318155
    },
    "KXNBAGAME-26MAR12WASORL-WAS": {
      "yes_price": 11,
      "captured_at": 1773275654.3181581
    },
    "KXNBAGAME-26MAR12WASORL-ORL": {
      "yes_price": 89,
      "captured_at": 1773275654.3181598
    },
    "KXNBAGAME-26MAR13CHILAC-LAC": {
      "yes_price": 71,
      "captured_at": 1773275654.318162
    },
    "KXNBAGAME-26MAR13CHILAC-CHI": {
      "yes_price": 18,
      "captured_at": 1773275654.318165
    },
    "KXNBAGAME-26MAR13CLEDAL-DAL": {
      "yes_price": 14,
      "captured_at": 1773275654.318167
    },
    "KXNBAGAME-26MAR13CLEDAL-CLE": {
      "yes_price": 81,
      "captured_at": 1773275654.318169
    },
    "KXNBAGAME-26MAR13MEMDET-MEM": {
      "yes_price": 17,
      "captured_at": 1773275654.3181708
    },
    "KXNBAGAME-26MAR13MEMDET-DET": {
      "yes_price": 81,
      "captured_at": 1773275654.318173
    },
    "KXNBAGAME-26MAR13MINGSW-MIN": {
      "yes_price": 64,
      "captured_at": 1773275654.318176
    },
    "KXNBAGAME-26MAR13MINGSW-GSW": {
      "yes_price": 35,
      "captured_at": 1773275654.318178
    },
    "KXNBAGAME-26MAR13NOPHOU-NOP": {
      "yes_price": 19,
      "captured_at": 1773275654.31818
    },
    "KXNBAGAME-26MAR13NOPHOU-HOU": {
      "yes_price": 80,
      "captured_at": 1773275654.318183
    },
    "KXNBAGAME-26MAR13NYKIND-NYK": {
      "yes_price": 72,
      "captured_at": 1773275654.3181849
    },
    "KXNBAGAME-26MAR13NYKIND-IND": {
      "yes_price": 15,
      "captured_at": 1773275654.318188
    },
    "KXNBAGAME-26MAR13PHXTOR-TOR": {
      "yes_price": 49,
      "captured_at": 1773275654.31819
    },
    "KXNBAGAME-26MAR13PHXTOR-PHX": {
      "yes_price": 36,
      "captured_at": 1773275654.318196
    },
    "KXNBAGAME-26MAR13UTAPOR-UTA": {
      "yes_price": 16,
      "captured_at": 1773275654.318198
    },
    "KXNBAGAME-26MAR13UTAPOR-POR": {
      "yes_price": 80,
      "captured_at": 1773275654.3182
    }
  }
}